path,class,split
train/Bird-drop/Bird (111).jpg,Bird-drop,Test
train/Bird-drop/Bird (124).jpg,Bird-drop,Test
train/Bird-drop/Bird (159).jpg,Bird-drop,Test
train/Bird-drop/Bird (169).jpg,Bird-drop,Test
train/Bird-drop/Bird (177).jpg,Bird-drop,Test
train/Bird-drop/Bird (185).jpg,Bird-drop,Test
train/Bird-drop/Bird (205).JPG,Bird-drop,Test
train/Bird-drop/Bird (206).JPG,Bird-drop,Test
train/Bird-drop/Bird (208).JPG,Bird-drop,Test
train/Bird-drop/Bird (29).jpg,Bird-drop,Test
train/Bird-drop/Bird (3).jpg,Bird-drop,Test
train/Bird-drop/Bird (31).JPG,Bird-drop,Test
train/Bird-drop/Bird (66).jpg,Bird-drop,Test
train/Bird-drop/Bird (90).jpg,Bird-drop,Test
train/Bird-drop/Bird (91).jpg,Bird-drop,Test
train/Bird-drop/Bird (92).jpg,Bird-drop,Test
train/Bird-drop/Bird (94).jpg,Bird-drop,Test
train/Bird-drop/Bird (98).jpg,Bird-drop,Test
val/Bird-drop/Bird (122).jpg,Bird-drop,Test
test/Clean/Clean (142).jpg,Clean,Test
test/Clean/Clean (152).jpg,Clean,Test
test/Clean/Clean (191).jpg,Clean,Test
test/Clean/Clean (62).jpg,Clean,Test
train/Clean/Clean (102).jpg,Clean,Test
train/Clean/Clean (108).jpg,Clean,Test
train/Clean/Clean (123).jpg,Clean,Test
train/Clean/Clean (133).jpg,Clean,Test
train/Clean/Clean (154).jpg,Clean,Test
train/Clean/Clean (155).jpg,Clean,Test
train/Clean/Clean (162).jpg,Clean,Test
train/Clean/Clean (164).jpg,Clean,Test
train/Clean/Clean (166).jpg,Clean,Test
train/Clean/Clean (174).jpg,Clean,Test
train/Clean/Clean (180).jpg,Clean,Test
train/Clean/Clean (186).jpg,Clean,Test
train/Clean/Clean (192).jpg,Clean,Test
train/Clean/Clean (40).jpg,Clean,Test
train/Clean/Clean (45).jpg,Clean,Test
train/Clean/Clean (51).jpg,Clean,Test
train/Clean/Clean (54).jpg,Clean,Test
train/Clean/Clean (59).jpg,Clean,Test
train/Clean/Clean (7).jpg,Clean,Test
train/Clean/Clean (79).jpg,Clean,Test
train/Clean/Clean (81).jpg,Clean,Test
train/Clean/Clean (93).jpg,Clean,Test
val/Clean/Clean (117).jpg,Clean,Test
test/Dusty/Dust (46).jpg,Dusty,Test
test/Dusty/Dust (93).jpg,Dusty,Test
test/Dusty/Dust (96).jpg,Dusty,Test
test/Dusty/Dust (99).jpg,Dusty,Test
train/Dusty/Dust (1).jpg,Dusty,Test
train/Dusty/Dust (10).jpg,Dusty,Test
train/Dusty/Dust (101).jpg,Dusty,Test
train/Dusty/Dust (109).jpg,Dusty,Test
train/Dusty/Dust (110).jpg,Dusty,Test
train/Dusty/Dust (113).jpg,Dusty,Test
train/Dusty/Dust (114).jpg,Dusty,Test
train/Dusty/Dust (131).jpg,Dusty,Test
train/Dusty/Dust (132).jpg,Dusty,Test
train/Dusty/Dust (14).jpg,Dusty,Test
train/Dusty/Dust (153).jpg,Dusty,Test
train/Dusty/Dust (156).jpg,Dusty,Test
train/Dusty/Dust (157).jpg,Dusty,Test
train/Dusty/Dust (165).jpg,Dusty,Test
train/Dusty/Dust (168).jpg,Dusty,Test
train/Dusty/Dust (49).jpg,Dusty,Test
train/Dusty/Dust (63).jpg,Dusty,Test
train/Dusty/Dust (7).jpg,Dusty,Test
train/Dusty/Dust (73).jpg,Dusty,Test
train/Dusty/Dust (90).jpg,Dusty,Test
val/Dusty/Dust (21).jpg,Dusty,Test
val/Dusty/Dust (43).jpg,Dusty,Test
test/Electrical-damage/Electrical (103).jpg,Electrical-damage,Test
train/Electrical-damage/Electrical (1).png,Electrical-damage,Test
train/Electrical-damage/Electrical (110).jpg,Electrical-damage,Test
train/Electrical-damage/Electrical (129).jpg,Electrical-damage,Test
train/Electrical-damage/Electrical (141).jpg,Electrical-damage,Test
train/Electrical-damage/Electrical (16).jpg,Electrical-damage,Test
train/Electrical-damage/Electrical (24).jpg,Electrical-damage,Test
train/Electrical-damage/Electrical (42).jpg,Electrical-damage,Test
train/Electrical-damage/Electrical (6).jpg,Electrical-damage,Test
train/Electrical-damage/Electrical (60).jpg,Electrical-damage,Test
train/Electrical-damage/Electrical (98).jpg,Electrical-damage,Test
train/Electrical-damage/Electrical (99).jpg,Electrical-damage,Test
test/Physical-Damage/Physical (109).jpg,Physical-Damage,Test
test/Physical-Damage/Physical (149).jpg,Physical-Damage,Test
test/Physical-Damage/Physical (18).jpg,Physical-Damage,Test
test/Physical-Damage/Physical (49).jpg,Physical-Damage,Test
train/Physical-Damage/Physical (131).jpg,Physical-Damage,Test
train/Physical-Damage/Physical (32).jpg,Physical-Damage,Test
train/Physical-Damage/Physical (4).jpg,Physical-Damage,Test
train/Physical-Damage/Physical (43).jpg,Physical-Damage,Test
train/Physical-Damage/Physical (68).jpg,Physical-Damage,Test
train/Physical-Damage/Physical (83).jpg,Physical-Damage,Test
train/Snow-Covered/Snow (10).jpg,Snow-Covered,Test
train/Snow-Covered/Snow (100).jpg,Snow-Covered,Test
train/Snow-Covered/Snow (106).jpg,Snow-Covered,Test
train/Snow-Covered/Snow (125).jpg,Snow-Covered,Test
train/Snow-Covered/Snow (142).jpg,Snow-Covered,Test
train/Snow-Covered/Snow (147).jpg,Snow-Covered,Test
train/Snow-Covered/Snow (148).jpg,Snow-Covered,Test
train/Snow-Covered/Snow (154).jpg,Snow-Covered,Test
train/Snow-Covered/Snow (163).jpg,Snow-Covered,Test
train/Snow-Covered/Snow (29).jpg,Snow-Covered,Test
train/Snow-Covered/Snow (31).jpg,Snow-Covered,Test
train/Snow-Covered/Snow (33).jpg,Snow-Covered,Test
train/Snow-Covered/Snow (35).jpg,Snow-Covered,Test
train/Snow-Covered/Snow (46).jpg,Snow-Covered,Test
train/Snow-Covered/Snow (51).jpg,Snow-Covered,Test
train/Snow-Covered/Snow (55).jpg,Snow-Covered,Test
train/Snow-Covered/Snow (86).jpg,Snow-Covered,Test
train/Snow-Covered/Snow (91).jpg,Snow-Covered,Test
train/Snow-Covered/Snow (92).jpg,Snow-Covered,Test
val/Snow-Covered/Snow (112).jpg,Snow-Covered,Test
val/Snow-Covered/Snow (139).jpg,Snow-Covered,Test
test/Bird-drop/Bird (14).JPG,Bird-drop,Train
test/Bird-drop/Bird (148).jpg,Bird-drop,Train
test/Bird-drop/Bird (211).JPG,Bird-drop,Train
test/Bird-drop/Bird (33).jpg,Bird-drop,Train
test/Bird-drop/Bird (54).jpg,Bird-drop,Train
test/Bird-drop/Bird (87).jpg,Bird-drop,Train
train/Bird-drop/Bird (103).jpg,Bird-drop,Train
train/Bird-drop/Bird (105).jpg,Bird-drop,Train
train/Bird-drop/Bird (107).jpg,Bird-drop,Train
train/Bird-drop/Bird (109).jpg,Bird-drop,Train
train/Bird-drop/Bird (112).jpg,Bird-drop,Train
train/Bird-drop/Bird (113).jpg,Bird-drop,Train
train/Bird-drop/Bird (115).jpg,Bird-drop,Train
train/Bird-drop/Bird (120).jpg,Bird-drop,Train
train/Bird-drop/Bird (125).jpg,Bird-drop,Train
train/Bird-drop/Bird (126).jpg,Bird-drop,Train
train/Bird-drop/Bird (127).jpg,Bird-drop,Train
train/Bird-drop/Bird (128).jpg,Bird-drop,Train
train/Bird-drop/Bird (131).jpg,Bird-drop,Train
train/Bird-drop/Bird (135).jpg,Bird-drop,Train
train/Bird-drop/Bird (136).JPG,Bird-drop,Train
train/Bird-drop/Bird (138).JPG,Bird-drop,Train
train/Bird-drop/Bird (144).jpg,Bird-drop,Train
train/Bird-drop/Bird (149).jpg,Bird-drop,Train
train/Bird-drop/Bird (15).JPG,Bird-drop,Train
train/Bird-drop/Bird (150).jpg,Bird-drop,Train
train/Bird-drop/Bird (162).jpg,Bird-drop,Train
train/Bird-drop/Bird (166).jpg,Bird-drop,Train
train/Bird-drop/Bird (17).jpg,Bird-drop,Train
train/Bird-drop/Bird (170).JPG,Bird-drop,Train
train/Bird-drop/Bird (171).JPG,Bird-drop,Train
train/Bird-drop/Bird (173).jpg,Bird-drop,Train
train/Bird-drop/Bird (175).jpg,Bird-drop,Train
train/Bird-drop/Bird (179).JPG,Bird-drop,Train
train/Bird-drop/Bird (180).jpg,Bird-drop,Train
train/Bird-drop/Bird (186).jpg,Bird-drop,Train
train/Bird-drop/Bird (187).jpg,Bird-drop,Train
train/Bird-drop/Bird (188).jpg,Bird-drop,Train
train/Bird-drop/Bird (189).jpg,Bird-drop,Train
train/Bird-drop/Bird (198).JPG,Bird-drop,Train
train/Bird-drop/Bird (199).JPG,Bird-drop,Train
train/Bird-drop/Bird (200).JPG,Bird-drop,Train
train/Bird-drop/Bird (202).JPG,Bird-drop,Train
train/Bird-drop/Bird (203).JPG,Bird-drop,Train
train/Bird-drop/Bird (207).JPG,Bird-drop,Train
train/Bird-drop/Bird (209).JPG,Bird-drop,Train
train/Bird-drop/Bird (210).JPG,Bird-drop,Train
train/Bird-drop/Bird (212).JPG,Bird-drop,Train
train/Bird-drop/Bird (213).JPG,Bird-drop,Train
train/Bird-drop/Bird (214).JPG,Bird-drop,Train
train/Bird-drop/Bird (23).JPG,Bird-drop,Train
train/Bird-drop/Bird (25).jpg,Bird-drop,Train
train/Bird-drop/Bird (27).JPG,Bird-drop,Train
train/Bird-drop/Bird (28).jpg,Bird-drop,Train
train/Bird-drop/Bird (34).jpg,Bird-drop,Train
train/Bird-drop/Bird (35).jpg,Bird-drop,Train
train/Bird-drop/Bird (36).jpg,Bird-drop,Train
train/Bird-drop/Bird (42).jpg,Bird-drop,Train
train/Bird-drop/Bird (47).jpg,Bird-drop,Train
train/Bird-drop/Bird (5).jpg,Bird-drop,Train
train/Bird-drop/Bird (53).jpg,Bird-drop,Train
train/Bird-drop/Bird (56).jpg,Bird-drop,Train
train/Bird-drop/Bird (59).jpg,Bird-drop,Train
train/Bird-drop/Bird (61).jpg,Bird-drop,Train
train/Bird-drop/Bird (63).jpg,Bird-drop,Train
train/Bird-drop/Bird (67).jpg,Bird-drop,Train
train/Bird-drop/Bird (68).jpg,Bird-drop,Train
train/Bird-drop/Bird (69).JPG,Bird-drop,Train
train/Bird-drop/Bird (7).jpg,Bird-drop,Train
train/Bird-drop/Bird (72).jpg,Bird-drop,Train
train/Bird-drop/Bird (75).jpg,Bird-drop,Train
train/Bird-drop/Bird (82).jpg,Bird-drop,Train
train/Bird-drop/Bird (83).jpg,Bird-drop,Train
train/Bird-drop/Bird (84).jpg,Bird-drop,Train
train/Bird-drop/Bird (85).jpg,Bird-drop,Train
train/Bird-drop/Bird (88).jpg,Bird-drop,Train
train/Bird-drop/Bird (89).jpg,Bird-drop,Train
train/Bird-drop/Bird (93).jpg,Bird-drop,Train
train/Bird-drop/Bird (96).jpg,Bird-drop,Train
train/Bird-drop/Bird (97).jpg,Bird-drop,Train
val/Bird-drop/Bird (100).jpg,Bird-drop,Train
val/Bird-drop/Bird (106).jpg,Bird-drop,Train
val/Bird-drop/Bird (167).JPG,Bird-drop,Train
val/Bird-drop/Bird (201).JPG,Bird-drop,Train
val/Bird-drop/Bird (26).JPG,Bird-drop,Train
val/Bird-drop/Bird (50).jpg,Bird-drop,Train
val/Bird-drop/Bird (65).jpg,Bird-drop,Train
test/Clean/Clean (130).jpg,Clean,Train
test/Clean/Clean (150).jpg,Clean,Train
test/Clean/Clean (165).jpg,Clean,Train
test/Clean/Clean (167).jpg,Clean,Train
test/Clean/Clean (175).jpg,Clean,Train
test/Clean/Clean (26).jpg,Clean,Train
test/Clean/Clean (52).jpg,Clean,Train
test/Clean/Clean (63).jpg,Clean,Train
test/Clean/Clean (68).jpg,Clean,Train
test/Clean/Clean (76).jpg,Clean,Train
test/Clean/Clean (92).jpg,Clean,Train
train/Clean/Clean (10).JPG,Clean,Train
train/Clean/Clean (100).jpg,Clean,Train
train/Clean/Clean (101).jpg,Clean,Train
train/Clean/Clean (103).jpg,Clean,Train
train/Clean/Clean (104).jpg,Clean,Train
train/Clean/Clean (105).jpg,Clean,Train
train/Clean/Clean (107).jpg,Clean,Train
train/Clean/Clean (110).jpg,Clean,Train
train/Clean/Clean (111).jpg,Clean,Train
train/Clean/Clean (112).jpg,Clean,Train
train/Clean/Clean (115).jpg,Clean,Train
train/Clean/Clean (116).jpg,Clean,Train
train/Clean/Clean (118).jpg,Clean,Train
train/Clean/Clean (119).jpg,Clean,Train
train/Clean/Clean (12).jpg,Clean,Train
train/Clean/Clean (120).jpg,Clean,Train
train/Clean/Clean (124).jpg,Clean,Train
train/Clean/Clean (127).jpg,Clean,Train
train/Clean/Clean (129).jpg,Clean,Train
train/Clean/Clean (13).jpg,Clean,Train
train/Clean/Clean (131).jpg,Clean,Train
train/Clean/Clean (132).jpg,Clean,Train
train/Clean/Clean (134).jpg,Clean,Train
train/Clean/Clean (135).JPG,Clean,Train
train/Clean/Clean (136).JPG,Clean,Train
train/Clean/Clean (138).jpg,Clean,Train
train/Clean/Clean (139).JPG,Clean,Train
train/Clean/Clean (14).jpg,Clean,Train
train/Clean/Clean (140).JPG,Clean,Train
train/Clean/Clean (143).jpg,Clean,Train
train/Clean/Clean (148).jpg,Clean,Train
train/Clean/Clean (15).JPG,Clean,Train
train/Clean/Clean (151).jpg,Clean,Train
train/Clean/Clean (153).jpg,Clean,Train
train/Clean/Clean (156).jpg,Clean,Train
train/Clean/Clean (158).jpg,Clean,Train
train/Clean/Clean (159).jpg,Clean,Train
train/Clean/Clean (16).JPG,Clean,Train
train/Clean/Clean (160).jpg,Clean,Train
train/Clean/Clean (168).jpg,Clean,Train
train/Clean/Clean (169).jpg,Clean,Train
train/Clean/Clean (17).jpg,Clean,Train
train/Clean/Clean (173).jpg,Clean,Train
train/Clean/Clean (176).jpg,Clean,Train
train/Clean/Clean (177).jpg,Clean,Train
train/Clean/Clean (181).jpg,Clean,Train
train/Clean/Clean (182).jpg,Clean,Train
train/Clean/Clean (184).jpg,Clean,Train
train/Clean/Clean (185).jpg,Clean,Train
train/Clean/Clean (187).jpg,Clean,Train
train/Clean/Clean (189).jpg,Clean,Train
train/Clean/Clean (190).jpg,Clean,Train
train/Clean/Clean (193).png,Clean,Train
train/Clean/Clean (2).jpg,Clean,Train
train/Clean/Clean (20).jpg,Clean,Train
train/Clean/Clean (21).jpg,Clean,Train
train/Clean/Clean (22).jpg,Clean,Train
train/Clean/Clean (23).jpg,Clean,Train
train/Clean/Clean (24).jpg,Clean,Train
train/Clean/Clean (25).jpg,Clean,Train
train/Clean/Clean (28).jpg,Clean,Train
train/Clean/Clean (29).jpg,Clean,Train
train/Clean/Clean (3).jpg,Clean,Train
train/Clean/Clean (32).jpg,Clean,Train
train/Clean/Clean (35).jpg,Clean,Train
train/Clean/Clean (38).jpg,Clean,Train
train/Clean/Clean (4).jpg,Clean,Train
train/Clean/Clean (41).jpg,Clean,Train
train/Clean/Clean (42).jpg,Clean,Train
train/Clean/Clean (43).jpg,Clean,Train
train/Clean/Clean (44).jpg,Clean,Train
train/Clean/Clean (46).jpg,Clean,Train
train/Clean/Clean (47).jpg,Clean,Train
train/Clean/Clean (48).jpg,Clean,Train
train/Clean/Clean (49).jpg,Clean,Train
train/Clean/Clean (50).jpg,Clean,Train
train/Clean/Clean (53).jpg,Clean,Train
train/Clean/Clean (55).jpg,Clean,Train
train/Clean/Clean (56).jpg,Clean,Train
train/Clean/Clean (57).jpg,Clean,Train
train/Clean/Clean (58).jpg,Clean,Train
train/Clean/Clean (6).jpg,Clean,Train
train/Clean/Clean (60).jpg,Clean,Train
train/Clean/Clean (64).jpg,Clean,Train
train/Clean/Clean (65).jpg,Clean,Train
train/Clean/Clean (67).jpg,Clean,Train
train/Clean/Clean (69).jpg,Clean,Train
train/Clean/Clean (70).jpg,Clean,Train
train/Clean/Clean (71).jpg,Clean,Train
train/Clean/Clean (72).jpg,Clean,Train
train/Clean/Clean (74).jpg,Clean,Train
train/Clean/Clean (75).jpg,Clean,Train
train/Clean/Clean (77).jpg,Clean,Train
train/Clean/Clean (78).jpg,Clean,Train
train/Clean/Clean (8).jpg,Clean,Train
train/Clean/Clean (82).jpg,Clean,Train
train/Clean/Clean (85).jpg,Clean,Train
train/Clean/Clean (88).jpg,Clean,Train
train/Clean/Clean (89).jpg,Clean,Train
train/Clean/Clean (9).jpg,Clean,Train
train/Clean/Clean (91).jpg,Clean,Train
train/Clean/Clean (94).jpg,Clean,Train
train/Clean/Clean (96).jpg,Clean,Train
train/Clean/Clean (97).jpg,Clean,Train
train/Clean/Clean (98).jpg,Clean,Train
train/Clean/Clean (99).jpg,Clean,Train
val/Clean/Clean (170).jpg,Clean,Train
val/Clean/Clean (179).jpg,Clean,Train
val/Clean/Clean (27).jpg,Clean,Train
val/Clean/Clean (34).jpg,Clean,Train
val/Clean/Clean (66).jpg,Clean,Train
val/Clean/Clean (73).jpg,Clean,Train
val/Clean/Clean (80).jpg,Clean,Train
val/Clean/Clean (84).jpg,Clean,Train
val/Clean/Clean (95).jpg,Clean,Train
test/Dusty/Dust (106).jpg,Dusty,Train
test/Dusty/Dust (134).jpg,Dusty,Train
test/Dusty/Dust (155).jpg,Dusty,Train
test/Dusty/Dust (159).jpg,Dusty,Train
test/Dusty/Dust (16).jpg,Dusty,Train
test/Dusty/Dust (169).jpg,Dusty,Train
test/Dusty/Dust (186).jpg,Dusty,Train
test/Dusty/Dust (68).jpg,Dusty,Train
train/Dusty/Dust (102).jpg,Dusty,Train
train/Dusty/Dust (103).jpg,Dusty,Train
train/Dusty/Dust (104).jpg,Dusty,Train
train/Dusty/Dust (105).jpg,Dusty,Train
train/Dusty/Dust (107).jpg,Dusty,Train
train/Dusty/Dust (108).jpg,Dusty,Train
train/Dusty/Dust (11).jpg,Dusty,Train
train/Dusty/Dust (111).jpg,Dusty,Train
train/Dusty/Dust (112).jpg,Dusty,Train
train/Dusty/Dust (115).jpg,Dusty,Train
train/Dusty/Dust (116).jpg,Dusty,Train
train/Dusty/Dust (117).jpg,Dusty,Train
train/Dusty/Dust (118).jpg,Dusty,Train
train/Dusty/Dust (119).jpg,Dusty,Train
train/Dusty/Dust (120).jpg,Dusty,Train
train/Dusty/Dust (121).jpg,Dusty,Train
train/Dusty/Dust (123).jpg,Dusty,Train
train/Dusty/Dust (124).jpg,Dusty,Train
train/Dusty/Dust (125).jpg,Dusty,Train
train/Dusty/Dust (127).jpg,Dusty,Train
train/Dusty/Dust (128).jpg,Dusty,Train
train/Dusty/Dust (129).jpg,Dusty,Train
train/Dusty/Dust (13).jpg,Dusty,Train
train/Dusty/Dust (130).jpg,Dusty,Train
train/Dusty/Dust (135).jpg,Dusty,Train
train/Dusty/Dust (136).jpg,Dusty,Train
train/Dusty/Dust (139).jpg,Dusty,Train
train/Dusty/Dust (140).jpg,Dusty,Train
train/Dusty/Dust (141).jpg,Dusty,Train
train/Dusty/Dust (142).jpg,Dusty,Train
train/Dusty/Dust (144).jpg,Dusty,Train
train/Dusty/Dust (145).jpg,Dusty,Train
train/Dusty/Dust (146).jpg,Dusty,Train
train/Dusty/Dust (148).jpg,Dusty,Train
train/Dusty/Dust (149).jpg,Dusty,Train
train/Dusty/Dust (15).jpg,Dusty,Train
train/Dusty/Dust (151).jpg,Dusty,Train
train/Dusty/Dust (152).jpg,Dusty,Train
train/Dusty/Dust (154).jpg,Dusty,Train
train/Dusty/Dust (158).jpg,Dusty,Train
train/Dusty/Dust (160).jpg,Dusty,Train
train/Dusty/Dust (162).jpg,Dusty,Train
train/Dusty/Dust (163).jpg,Dusty,Train
train/Dusty/Dust (167).jpg,Dusty,Train
train/Dusty/Dust (17).jpg,Dusty,Train
train/Dusty/Dust (173).jpg,Dusty,Train
train/Dusty/Dust (176).jpg,Dusty,Train
train/Dusty/Dust (177).jpg,Dusty,Train
train/Dusty/Dust (178).jpg,Dusty,Train
train/Dusty/Dust (179).jpg,Dusty,Train
train/Dusty/Dust (18).jpg,Dusty,Train
train/Dusty/Dust (180).jpg,Dusty,Train
train/Dusty/Dust (182).jpg,Dusty,Train
train/Dusty/Dust (183).jpg,Dusty,Train
train/Dusty/Dust (189).jpg,Dusty,Train
train/Dusty/Dust (2).jpg,Dusty,Train
train/Dusty/Dust (20).jpg,Dusty,Train
train/Dusty/Dust (22).jpg,Dusty,Train
train/Dusty/Dust (24).jpg,Dusty,Train
train/Dusty/Dust (25).jpg,Dusty,Train
train/Dusty/Dust (28).jpg,Dusty,Train
train/Dusty/Dust (29).jpg,Dusty,Train
train/Dusty/Dust (30).jpg,Dusty,Train
train/Dusty/Dust (31).jpg,Dusty,Train
train/Dusty/Dust (33).jpg,Dusty,Train
train/Dusty/Dust (37).jpg,Dusty,Train
train/Dusty/Dust (38).jpg,Dusty,Train
train/Dusty/Dust (4).jpg,Dusty,Train
train/Dusty/Dust (41).jpg,Dusty,Train
train/Dusty/Dust (42).jpg,Dusty,Train
train/Dusty/Dust (45).jpg,Dusty,Train
train/Dusty/Dust (47).jpg,Dusty,Train
train/Dusty/Dust (48).jpg,Dusty,Train
train/Dusty/Dust (5).jpg,Dusty,Train
train/Dusty/Dust (50).jpg,Dusty,Train
train/Dusty/Dust (51).jpg,Dusty,Train
train/Dusty/Dust (52).jpg,Dusty,Train
train/Dusty/Dust (54).jpg,Dusty,Train
train/Dusty/Dust (56).jpg,Dusty,Train
train/Dusty/Dust (57).jpg,Dusty,Train
train/Dusty/Dust (58).jpg,Dusty,Train
train/Dusty/Dust (59).jpg,Dusty,Train
train/Dusty/Dust (6).jpg,Dusty,Train
train/Dusty/Dust (60).jpg,Dusty,Train
train/Dusty/Dust (61).jpg,Dusty,Train
train/Dusty/Dust (62).jpg,Dusty,Train
train/Dusty/Dust (64).jpg,Dusty,Train
train/Dusty/Dust (69).jpg,Dusty,Train
train/Dusty/Dust (70).jpg,Dusty,Train
train/Dusty/Dust (72).jpg,Dusty,Train
train/Dusty/Dust (74).jpg,Dusty,Train
train/Dusty/Dust (75).jpg,Dusty,Train
train/Dusty/Dust (76).jpg,Dusty,Train
train/Dusty/Dust (77).jpg,Dusty,Train
train/Dusty/Dust (8).jpg,Dusty,Train
train/Dusty/Dust (80).jpg,Dusty,Train
train/Dusty/Dust (82).jpg,Dusty,Train
train/Dusty/Dust (84).jpg,Dusty,Train
train/Dusty/Dust (88).jpg,Dusty,Train
train/Dusty/Dust (89).jpg,Dusty,Train
train/Dusty/Dust (97).jpg,Dusty,Train
val/Dusty/Dust (12).jpg,Dusty,Train
val/Dusty/Dust (133).jpg,Dusty,Train
val/Dusty/Dust (137).jpg,Dusty,Train
val/Dusty/Dust (138).jpg,Dusty,Train
val/Dusty/Dust (161).jpg,Dusty,Train
val/Dusty/Dust (174).jpg,Dusty,Train
val/Dusty/Dust (175).jpg,Dusty,Train
val/Dusty/Dust (39).jpg,Dusty,Train
val/Dusty/Dust (40).jpg,Dusty,Train
val/Dusty/Dust (67).jpg,Dusty,Train
val/Dusty/Dust (79).jpg,Dusty,Train
val/Dusty/Dust (91).jpg,Dusty,Train
val/Dusty/Dust (94).jpg,Dusty,Train
val/Dusty/Dust (98).jpg,Dusty,Train
test/Electrical-damage/Electrical (132).jpg,Electrical-damage,Train
test/Electrical-damage/Electrical (18).jpg,Electrical-damage,Train
test/Electrical-damage/Electrical (19).jpg,Electrical-damage,Train
test/Electrical-damage/Electrical (31).jpg,Electrical-damage,Train
test/Electrical-damage/Electrical (44).jpg,Electrical-damage,Train
test/Electrical-damage/Electrical (50).jpg,Electrical-damage,Train
test/Electrical-damage/Electrical (66).jpg,Electrical-damage,Train
test/Electrical-damage/Electrical (73).jpg,Electrical-damage,Train
test/Electrical-damage/Electrical (88).jpg,Electrical-damage,Train
train/Electrical-damage/Electrical (1).jpg,Electrical-damage,Train
train/Electrical-damage/Electrical (10).jpg,Electrical-damage,Train
train/Electrical-damage/Electrical (101).jpg,Electrical-damage,Train
train/Electrical-damage/Electrical (106).jpg,Electrical-damage,Train
train/Electrical-damage/Electrical (108).jpg,Electrical-damage,Train
train/Electrical-damage/Electrical (11).jpg,Electrical-damage,Train
train/Electrical-damage/Electrical (112).jpg,Electrical-damage,Train
train/Electrical-damage/Electrical (113).jpg,Electrical-damage,Train
train/Electrical-damage/Electrical (116).jpg,Electrical-damage,Train
train/Electrical-damage/Electrical (117).jpg,Electrical-damage,Train
train/Electrical-damage/Electrical (118).jpg,Electrical-damage,Train
train/Electrical-damage/Electrical (120).jpg,Electrical-damage,Train
train/Electrical-damage/Electrical (123).jpg,Electrical-damage,Train
train/Electrical-damage/Electrical (125).jpg,Electrical-damage,Train
train/Electrical-damage/Electrical (127).jpg,Electrical-damage,Train
train/Electrical-damage/Electrical (13).jpg,Electrical-damage,Train
train/Electrical-damage/Electrical (130).jpg,Electrical-damage,Train
train/Electrical-damage/Electrical (133).jpg,Electrical-damage,Train
train/Electrical-damage/Electrical (135).jpg,Electrical-damage,Train
train/Electrical-damage/Electrical (137).jpg,Electrical-damage,Train
train/Electrical-damage/Electrical (138).jpg,Electrical-damage,Train
train/Electrical-damage/Electrical (140).jpg,Electrical-damage,Train
train/Electrical-damage/Electrical (146).jpg,Electrical-damage,Train
train/Electrical-damage/Electrical (151).jpg,Electrical-damage,Train
train/Electrical-damage/Electrical (152).jpg,Electrical-damage,Train
train/Electrical-damage/Electrical (153).jpg,Electrical-damage,Train
train/Electrical-damage/Electrical (2).png,Electrical-damage,Train
train/Electrical-damage/Electrical (20).jpg,Electrical-damage,Train
train/Electrical-damage/Electrical (22).jpg,Electrical-damage,Train
train/Electrical-damage/Electrical (23).jpg,Electrical-damage,Train
train/Electrical-damage/Electrical (26).jpg,Electrical-damage,Train
train/Electrical-damage/Electrical (45).jpg,Electrical-damage,Train
train/Electrical-damage/Electrical (55).jpg,Electrical-damage,Train
train/Electrical-damage/Electrical (61).jpg,Electrical-damage,Train
train/Electrical-damage/Electrical (65).jpg,Electrical-damage,Train
train/Electrical-damage/Electrical (70).jpg,Electrical-damage,Train
train/Electrical-damage/Electrical (72).jpg,Electrical-damage,Train
train/Electrical-damage/Electrical (77).jpg,Electrical-damage,Train
train/Electrical-damage/Electrical (79).jpg,Electrical-damage,Train
train/Electrical-damage/Electrical (85).jpg,Electrical-damage,Train
train/Electrical-damage/Electrical (90).jpg,Electrical-damage,Train
train/Electrical-damage/Electrical (92).jpg,Electrical-damage,Train
train/Electrical-damage/Electrical (94).jpg,Electrical-damage,Train
train/Electrical-damage/Electrical (97).jpg,Electrical-damage,Train
val/Electrical-damage/Electrical (142).jpg,Electrical-damage,Train
val/Electrical-damage/Electrical (144).jpg,Electrical-damage,Train
val/Electrical-damage/Electrical (4).png,Electrical-damage,Train
val/Electrical-damage/Electrical (71).jpg,Electrical-damage,Train
val/Electrical-damage/Electrical (96).jpg,Electrical-damage,Train
test/Physical-Damage/Physical (10).jpg,Physical-Damage,Train
test/Physical-Damage/Physical (106).jpg,Physical-Damage,Train
test/Physical-Damage/Physical (108).jpg,Physical-Damage,Train
test/Physical-Damage/Physical (115).jpg,Physical-Damage,Train
test/Physical-Damage/Physical (146).jpg,Physical-Damage,Train
test/Physical-Damage/Physical (20).jpg,Physical-Damage,Train
test/Physical-Damage/Physical (36).jpg,Physical-Damage,Train
test/Physical-Damage/Physical (82).jpg,Physical-Damage,Train
train/Physical-Damage/Physical (102).jpg,Physical-Damage,Train
train/Physical-Damage/Physical (107).jpg,Physical-Damage,Train
train/Physical-Damage/Physical (111).jpg,Physical-Damage,Train
train/Physical-Damage/Physical (116).jpg,Physical-Damage,Train
train/Physical-Damage/Physical (117).jpg,Physical-Damage,Train
train/Physical-Damage/Physical (12).jpg,Physical-Damage,Train
train/Physical-Damage/Physical (125).jpg,Physical-Damage,Train
train/Physical-Damage/Physical (126).jpg,Physical-Damage,Train
train/Physical-Damage/Physical (135).jpg,Physical-Damage,Train
train/Physical-Damage/Physical (143).jpg,Physical-Damage,Train
train/Physical-Damage/Physical (145).jpg,Physical-Damage,Train
train/Physical-Damage/Physical (147).jpg,Physical-Damage,Train
train/Physical-Damage/Physical (15).jpg,Physical-Damage,Train
train/Physical-Damage/Physical (2).jpg,Physical-Damage,Train
train/Physical-Damage/Physical (33).jpg,Physical-Damage,Train
train/Physical-Damage/Physical (35).jpg,Physical-Damage,Train
train/Physical-Damage/Physical (38).jpg,Physical-Damage,Train
train/Physical-Damage/Physical (39).jpg,Physical-Damage,Train
train/Physical-Damage/Physical (42).jpg,Physical-Damage,Train
train/Physical-Damage/Physical (44).jpg,Physical-Damage,Train
train/Physical-Damage/Physical (45).jpg,Physical-Damage,Train
train/Physical-Damage/Physical (46).jpg,Physical-Damage,Train
train/Physical-Damage/Physical (48).jpg,Physical-Damage,Train
train/Physical-Damage/Physical (50).jpg,Physical-Damage,Train
train/Physical-Damage/Physical (51).jpg,Physical-Damage,Train
train/Physical-Damage/Physical (52).jpg,Physical-Damage,Train
train/Physical-Damage/Physical (62).jpg,Physical-Damage,Train
train/Physical-Damage/Physical (65).jpg,Physical-Damage,Train
train/Physical-Damage/Physical (66).jpg,Physical-Damage,Train
train/Physical-Damage/Physical (69).jpg,Physical-Damage,Train
train/Physical-Damage/Physical (72).jpg,Physical-Damage,Train
train/Physical-Damage/Physical (75).jpg,Physical-Damage,Train
train/Physical-Damage/Physical (77).jpg,Physical-Damage,Train
train/Physical-Damage/Physical (9).jpg,Physical-Damage,Train
train/Physical-Damage/Physical (90).jpg,Physical-Damage,Train
val/Physical-Damage/Physical (34).jpg,Physical-Damage,Train
val/Physical-Damage/Physical (37).jpg,Physical-Damage,Train
val/Physical-Damage/Physical (85).jpg,Physical-Damage,Train
test/Snow-Covered/Snow (109).jpg,Snow-Covered,Train
test/Snow-Covered/Snow (121).jpg,Snow-Covered,Train
test/Snow-Covered/Snow (122).jpg,Snow-Covered,Train
test/Snow-Covered/Snow (134).jpg,Snow-Covered,Train
test/Snow-Covered/Snow (159).jpg,Snow-Covered,Train
test/Snow-Covered/Snow (16).jpg,Snow-Covered,Train
test/Snow-Covered/Snow (164).jpg,Snow-Covered,Train
test/Snow-Covered/Snow (5).jpg,Snow-Covered,Train
test/Snow-Covered/Snow (7).jpg,Snow-Covered,Train
train/Snow-Covered/Snow (1).jpg,Snow-Covered,Train
train/Snow-Covered/Snow (101).jpg,Snow-Covered,Train
train/Snow-Covered/Snow (102).jpg,Snow-Covered,Train
train/Snow-Covered/Snow (103).jpg,Snow-Covered,Train
train/Snow-Covered/Snow (104).jpg,Snow-Covered,Train
train/Snow-Covered/Snow (107).jpg,Snow-Covered,Train
train/Snow-Covered/Snow (111).jpg,Snow-Covered,Train
train/Snow-Covered/Snow (113).jpg,Snow-Covered,Train
train/Snow-Covered/Snow (114).jpg,Snow-Covered,Train
train/Snow-Covered/Snow (115).jpg,Snow-Covered,Train
train/Snow-Covered/Snow (116).jpg,Snow-Covered,Train
train/Snow-Covered/Snow (119).jpg,Snow-Covered,Train
train/Snow-Covered/Snow (120).jpg,Snow-Covered,Train
train/Snow-Covered/Snow (123).jpg,Snow-Covered,Train
train/Snow-Covered/Snow (124).jpg,Snow-Covered,Train
train/Snow-Covered/Snow (126).jpg,Snow-Covered,Train
train/Snow-Covered/Snow (127).jpg,Snow-Covered,Train
train/Snow-Covered/Snow (128).jpg,Snow-Covered,Train
train/Snow-Covered/Snow (129).jpg,Snow-Covered,Train
train/Snow-Covered/Snow (130).jpg,Snow-Covered,Train
train/Snow-Covered/Snow (133).jpg,Snow-Covered,Train
train/Snow-Covered/Snow (136).jpg,Snow-Covered,Train
train/Snow-Covered/Snow (137).jpg,Snow-Covered,Train
train/Snow-Covered/Snow (141).jpg,Snow-Covered,Train
train/Snow-Covered/Snow (144).jpg,Snow-Covered,Train
train/Snow-Covered/Snow (145).jpg,Snow-Covered,Train
train/Snow-Covered/Snow (153).jpg,Snow-Covered,Train
train/Snow-Covered/Snow (155).jpg,Snow-Covered,Train
train/Snow-Covered/Snow (157).jpg,Snow-Covered,Train
train/Snow-Covered/Snow (158).jpg,Snow-Covered,Train
train/Snow-Covered/Snow (161).jpg,Snow-Covered,Train
train/Snow-Covered/Snow (162).jpg,Snow-Covered,Train
train/Snow-Covered/Snow (165).jpg,Snow-Covered,Train
train/Snow-Covered/Snow (166).jpg,Snow-Covered,Train
train/Snow-Covered/Snow (168).jpg,Snow-Covered,Train
train/Snow-Covered/Snow (169).jpg,Snow-Covered,Train
train/Snow-Covered/Snow (17).jpg,Snow-Covered,Train
train/Snow-Covered/Snow (176).jpg,Snow-Covered,Train
train/Snow-Covered/Snow (19).jpg,Snow-Covered,Train
train/Snow-Covered/Snow (2).jpg,Snow-Covered,Train
train/Snow-Covered/Snow (20).jpg,Snow-Covered,Train
train/Snow-Covered/Snow (22).jpg,Snow-Covered,Train
train/Snow-Covered/Snow (24).jpg,Snow-Covered,Train
train/Snow-Covered/Snow (28).jpg,Snow-Covered,Train
train/Snow-Covered/Snow (3).jpg,Snow-Covered,Train
train/Snow-Covered/Snow (30).jpg,Snow-Covered,Train
train/Snow-Covered/Snow (32).jpg,Snow-Covered,Train
train/Snow-Covered/Snow (34).jpg,Snow-Covered,Train
train/Snow-Covered/Snow (36).jpg,Snow-Covered,Train
train/Snow-Covered/Snow (37).jpg,Snow-Covered,Train
train/Snow-Covered/Snow (39).jpg,Snow-Covered,Train
train/Snow-Covered/Snow (4).jpg,Snow-Covered,Train
train/Snow-Covered/Snow (40).jpg,Snow-Covered,Train
train/Snow-Covered/Snow (41).jpg,Snow-Covered,Train
train/Snow-Covered/Snow (42).jpg,Snow-Covered,Train
train/Snow-Covered/Snow (43).jpg,Snow-Covered,Train
train/Snow-Covered/Snow (48).jpg,Snow-Covered,Train
train/Snow-Covered/Snow (49).jpg,Snow-Covered,Train
train/Snow-Covered/Snow (50).jpg,Snow-Covered,Train
train/Snow-Covered/Snow (52).jpg,Snow-Covered,Train
train/Snow-Covered/Snow (53).jpg,Snow-Covered,Train
train/Snow-Covered/Snow (56).jpg,Snow-Covered,Train
train/Snow-Covered/Snow (57).jpg,Snow-Covered,Train
train/Snow-Covered/Snow (58).jpg,Snow-Covered,Train
train/Snow-Covered/Snow (61).jpg,Snow-Covered,Train
train/Snow-Covered/Snow (62).jpg,Snow-Covered,Train
train/Snow-Covered/Snow (66).jpg,Snow-Covered,Train
train/Snow-Covered/Snow (67).jpg,Snow-Covered,Train
train/Snow-Covered/Snow (68).jpg,Snow-Covered,Train
train/Snow-Covered/Snow (70).jpg,Snow-Covered,Train
train/Snow-Covered/Snow (72).jpg,Snow-Covered,Train
train/Snow-Covered/Snow (74).jpg,Snow-Covered,Train
train/Snow-Covered/Snow (78).jpg,Snow-Covered,Train
train/Snow-Covered/Snow (8).jpg,Snow-Covered,Train
train/Snow-Covered/Snow (82).jpg,Snow-Covered,Train
train/Snow-Covered/Snow (83).jpg,Snow-Covered,Train
train/Snow-Covered/Snow (87).jpg,Snow-Covered,Train
train/Snow-Covered/Snow (88).jpg,Snow-Covered,Train
train/Snow-Covered/Snow (89).jpg,Snow-Covered,Train
train/Snow-Covered/Snow (9).jpg,Snow-Covered,Train
train/Snow-Covered/Snow (90).jpg,Snow-Covered,Train
train/Snow-Covered/Snow (96).jpg,Snow-Covered,Train
train/Snow-Covered/Snow (97).jpg,Snow-Covered,Train
train/Snow-Covered/Snow (99).jpg,Snow-Covered,Train
val/Snow-Covered/Snow (105).jpg,Snow-Covered,Train
val/Snow-Covered/Snow (110).jpg,Snow-Covered,Train
val/Snow-Covered/Snow (135).jpg,Snow-Covered,Train
val/Snow-Covered/Snow (152).jpg,Snow-Covered,Train
val/Snow-Covered/Snow (172).jpg,Snow-Covered,Train
val/Snow-Covered/Snow (54).jpg,Snow-Covered,Train
val/Snow-Covered/Snow (60).jpg,Snow-Covered,Train
test/Bird-drop/Bird (16).JPG,Bird-drop,Valid
test/Bird-drop/Bird (79).jpg,Bird-drop,Valid
train/Bird-drop/Bird (101).jpg,Bird-drop,Valid
train/Bird-drop/Bird (104).jpg,Bird-drop,Valid
train/Bird-drop/Bird (108).jpg,Bird-drop,Valid
train/Bird-drop/Bird (11).jpg,Bird-drop,Valid
train/Bird-drop/Bird (110).jpg,Bird-drop,Valid
train/Bird-drop/Bird (117).jpg,Bird-drop,Valid
train/Bird-drop/Bird (123).jpg,Bird-drop,Valid
train/Bird-drop/Bird (129).jpg,Bird-drop,Valid
train/Bird-drop/Bird (132).jpg,Bird-drop,Valid
train/Bird-drop/Bird (134).JPG,Bird-drop,Valid
train/Bird-drop/Bird (178).jpg,Bird-drop,Valid
train/Bird-drop/Bird (204).JPG,Bird-drop,Valid
train/Bird-drop/Bird (24).JPG,Bird-drop,Valid
train/Bird-drop/Bird (37).jpg,Bird-drop,Valid
train/Bird-drop/Bird (9).jpg,Bird-drop,Valid
train/Bird-drop/Bird (95).jpg,Bird-drop,Valid
val/Bird-drop/Bird (102).jpg,Bird-drop,Valid
test/Clean/Clean (1).jpeg,Clean,Valid
test/Clean/Clean (30).jpg,Clean,Valid
test/Clean/Clean (83).jpg,Clean,Valid
train/Clean/Clean (106).jpg,Clean,Valid
train/Clean/Clean (109).jpg,Clean,Valid
train/Clean/Clean (11).jpg,Clean,Valid
train/Clean/Clean (113).jpg,Clean,Valid
train/Clean/Clean (121).jpg,Clean,Valid
train/Clean/Clean (128).jpg,Clean,Valid
train/Clean/Clean (137).jpg,Clean,Valid
train/Clean/Clean (144).jpg,Clean,Valid
train/Clean/Clean (145).jpg,Clean,Valid
train/Clean/Clean (146).jpg,Clean,Valid
train/Clean/Clean (149).jpg,Clean,Valid
train/Clean/Clean (163).jpg,Clean,Valid
train/Clean/Clean (18).jpg,Clean,Valid
train/Clean/Clean (19).jpg,Clean,Valid
train/Clean/Clean (31).jpg,Clean,Valid
train/Clean/Clean (36).jpg,Clean,Valid
train/Clean/Clean (37).jpg,Clean,Valid
train/Clean/Clean (5).jpg,Clean,Valid
train/Clean/Clean (61).jpg,Clean,Valid
train/Clean/Clean (86).jpg,Clean,Valid
val/Clean/Clean (114).jpg,Clean,Valid
val/Clean/Clean (122).jpg,Clean,Valid
val/Clean/Clean (126).jpg,Clean,Valid
val/Clean/Clean (33).jpg,Clean,Valid
test/Dusty/Dust (122).jpg,Dusty,Valid
test/Dusty/Dust (126).jpg,Dusty,Valid
test/Dusty/Dust (36).jpg,Dusty,Valid
train/Dusty/Dust (100).jpg,Dusty,Valid
train/Dusty/Dust (143).jpg,Dusty,Valid
train/Dusty/Dust (147).jpg,Dusty,Valid
train/Dusty/Dust (150).jpg,Dusty,Valid
train/Dusty/Dust (164).jpg,Dusty,Valid
train/Dusty/Dust (171).jpg,Dusty,Valid
train/Dusty/Dust (185).jpg,Dusty,Valid
train/Dusty/Dust (32).jpg,Dusty,Valid
train/Dusty/Dust (44).jpg,Dusty,Valid
train/Dusty/Dust (53).jpg,Dusty,Valid
train/Dusty/Dust (55).jpg,Dusty,Valid
train/Dusty/Dust (65).jpg,Dusty,Valid
train/Dusty/Dust (66).jpg,Dusty,Valid
train/Dusty/Dust (71).jpg,Dusty,Valid
train/Dusty/Dust (78).jpg,Dusty,Valid
train/Dusty/Dust (81).jpg,Dusty,Valid
train/Dusty/Dust (85).jpg,Dusty,Valid
train/Dusty/Dust (86).jpg,Dusty,Valid
train/Dusty/Dust (87).jpg,Dusty,Valid
train/Dusty/Dust (9).jpg,Dusty,Valid
train/Dusty/Dust (92).jpg,Dusty,Valid
train/Dusty/Dust (95).jpg,Dusty,Valid
val/Dusty/Dust (34).jpg,Dusty,Valid
test/Electrical-damage/Electrical (28).jpg,Electrical-damage,Valid
test/Electrical-damage/Electrical (3).jpg,Electrical-damage,Valid
train/Electrical-damage/Electrical (109).jpg,Electrical-damage,Valid
train/Electrical-damage/Electrical (139).jpg,Electrical-damage,Valid
train/Electrical-damage/Electrical (148).jpg,Electrical-damage,Valid
train/Electrical-damage/Electrical (21).jpg,Electrical-damage,Valid
train/Electrical-damage/Electrical (32).jpg,Electrical-damage,Valid
train/Electrical-damage/Electrical (37).jpg,Electrical-damage,Valid
train/Electrical-damage/Electrical (4).jpg,Electrical-damage,Valid
train/Electrical-damage/Electrical (74).jpg,Electrical-damage,Valid
train/Electrical-damage/Electrical (78).jpg,Electrical-damage,Valid
train/Electrical-damage/Electrical (81).jpg,Electrical-damage,Valid
val/Electrical-damage/Electrical (145).jpg,Electrical-damage,Valid
test/Physical-Damage/Physical (30).jpg,Physical-Damage,Valid
test/Physical-Damage/Physical (58).jpg,Physical-Damage,Valid
train/Physical-Damage/Physical (129).jpg,Physical-Damage,Valid
train/Physical-Damage/Physical (133).jpg,Physical-Damage,Valid
train/Physical-Damage/Physical (19).jpg,Physical-Damage,Valid
train/Physical-Damage/Physical (22).jpg,Physical-Damage,Valid
train/Physical-Damage/Physical (40).jpg,Physical-Damage,Valid
train/Physical-Damage/Physical (7).jpg,Physical-Damage,Valid
train/Physical-Damage/Physical (88).jpg,Physical-Damage,Valid
train/Physical-Damage/Physical (96).jpg,Physical-Damage,Valid
test/Snow-Covered/Snow (138).jpg,Snow-Covered,Valid
train/Snow-Covered/Snow (11).jpg,Snow-Covered,Valid
train/Snow-Covered/Snow (13).jpg,Snow-Covered,Valid
train/Snow-Covered/Snow (131).jpg,Snow-Covered,Valid
train/Snow-Covered/Snow (140).jpg,Snow-Covered,Valid
train/Snow-Covered/Snow (146).jpg,Snow-Covered,Valid
train/Snow-Covered/Snow (149).jpg,Snow-Covered,Valid
train/Snow-Covered/Snow (150).jpg,Snow-Covered,Valid
train/Snow-Covered/Snow (151).jpg,Snow-Covered,Valid
train/Snow-Covered/Snow (21).jpg,Snow-Covered,Valid
train/Snow-Covered/Snow (23).jpg,Snow-Covered,Valid
train/Snow-Covered/Snow (26).jpg,Snow-Covered,Valid
train/Snow-Covered/Snow (27).jpg,Snow-Covered,Valid
train/Snow-Covered/Snow (44).jpg,Snow-Covered,Valid
train/Snow-Covered/Snow (45).jpg,Snow-Covered,Valid
train/Snow-Covered/Snow (59).jpg,Snow-Covered,Valid
train/Snow-Covered/Snow (63).jpg,Snow-Covered,Valid
train/Snow-Covered/Snow (64).jpg,Snow-Covered,Valid
train/Snow-Covered/Snow (65).jpg,Snow-Covered,Valid
train/Snow-Covered/Snow (73).jpg,Snow-Covered,Valid
train/Snow-Covered/Snow (77).jpg,Snow-Covered,Valid
val/Snow-Covered/Snow (6).jpg,Snow-Covered,Valid
